<?xml version="1.0" encoding="UTF-8"?>
<project-private xmlns="http://www.netbeans.org/ns/project-private/1">
    <editor-bookmarks xmlns="http://www.netbeans.org/ns/editor-bookmarks/2" lastBookmarkId="0"/>
    <open-files xmlns="http://www.netbeans.org/ns/projectui-open-files/2">
        <group>
            <file>file:/C:/Users/AJpag/Downloads/Java/Sistema%20punto%20de%20ventas/src/Views/Sistema.java</file>
            <file>file:/C:/Users/AJpag/Downloads/Java/Sistema%20punto%20de%20ventas/src/Conexion/Consult.java</file>
            <file>file:/C:/Users/AJpag/Downloads/Java/Sistema%20punto%20de%20ventas/src/Models/TClientes.java</file>
            <file>file:/C:/Users/AJpag/Downloads/Java/Sistema%20punto%20de%20ventas/src/ViewModels/ClientesVM.java</file>
            <file>file:/C:/Users/AJpag/Downloads/Java/Sistema%20punto%20de%20ventas/src/Models/TReportes_clientes.java</file>
            <file>file:/C:/Users/AJpag/Downloads/Java/Sistema%20punto%20de%20ventas/src/Conexion/Conexion.java</file>
        </group>
    </open-files>
</project-private>
